date,return
2017-01-02,0.0
2017-01-03,0.0036360169131801
2017-01-04,-0.0003220349094393
2017-01-05,0.018316728879318
2017-01-06,0.0076200631660794
2017-01-09,0.0140074869403643
2017-01-10,0.0144947816494029
2017-01-11,0.0024011485752206
2017-01-12,-0.0067635974323665
2017-01-13,0.0018439698547849
2017-01-16,0.0042035061437517
2017-01-17,-0.0019285519562297
2017-01-18,0.0030794350138858
2017-01-19,0.0084419078332205
2017-01-20,-0.0134508174648626
2017-01-23,0.0106051723246893
2017-01-24,0.0038489560081522
2017-01-25,0.0152514255733284
2017-01-27,0.002227268072003
2017-01-30,-0.0039764989772032
2017-01-31,-0.0123545986155944
2017-02-01,0.0166426989816954
2017-02-02,0.0157707872272701
2017-02-03,0.0006913832275983
2017-02-06,0.0102442294372184
2017-02-07,-0.0022452021575555
2017-02-08,0.0042968406219074
2017-02-09,0.0008785048122172
2017-02-10,-0.0053358837993627
2017-02-13,0.000373088648681
2017-02-14,-0.0086792766059168
2017-02-15,-0.0121354523724767
2017-02-16,0.0185752944965784
2017-02-17,0.0083172592041196
2017-02-20,0.0091944484812118
2017-02-21,-0.0014002564533959
2017-02-22,-0.0081412971573587
2017-02-23,-0.0002293851741361
2017-02-27,-0.0066305363965849
2017-02-28,0.0023276606976645
2017-03-01,0.001891663777503
2017-03-02,-0.0143210976278813
2017-03-03,0.0092799015795501
2017-03-06,0.0079227907908594
2017-03-07,-0.0050958565279322
2017-03-08,-0.0076310648151067
2017-03-09,-0.0032892489369489
2017-03-10,-0.0029880181913602
2017-03-14,0.0181527407806958
2017-03-15,0.0012562747079769
2017-03-16,0.0131629733590019
2017-03-17,-0.0027965439075281
2017-03-20,0.0018786663032404
2017-03-21,-0.0011854282991371
2017-03-22,-0.0104495160968752
2017-03-23,0.0079337074324494
2017-03-24,-0.0007699573050692
2017-03-27,-0.001864289371214
2017-03-28,0.0037647952620416
2017-03-29,0.0003611999515233
2017-03-30,0.002125573081622
2017-03-31,0.0028162407731107
2017-04-03,0.0118144558572765
2017-04-05,0.0047192390894033
2017-04-06,0.0014000205922475
2017-04-07,-0.0006774893456911
2017-04-10,0.0066816369674067
2017-04-11,0.0128000369490715
2017-04-12,0.0050720468550435
2017-04-13,-0.0033060700618742
2017-04-17,0.0004565075669924
2017-04-18,-0.0090360163614904
2017-04-19,0.0096630981965117
2017-04-20,0.0106588181757305
2017-04-21,0.0002899488900707
2017-04-24,0.0046372045847715
2017-04-25,0.015029559744677
2017-04-26,-0.0053140385912665
2017-04-27,-0.0006493718184388
2017-04-28,0.0115433032268068
2017-05-02,0.0173905652283237
2017-05-03,-0.0003317307223549
2017-05-04,0.0033370283438141
2017-05-05,-0.0071675614055346
2017-05-08,0.0077356016115845
2017-05-09,0.0023455722957623
2017-05-10,0.0055527110354685
2017-05-11,0.000173938875752
2017-05-12,-0.0095580485261747
2017-05-15,0.0125451011603081
2017-05-16,0.0036469243730354
2017-05-17,-0.0071255113557524
2017-05-18,-0.0317442583544854
2017-05-19,-0.0091744233339698
2017-05-22,-0.0144966316078818
2017-05-23,-0.0035036561921968
2017-05-24,-0.0113345860502821
2017-05-25,0.0245246484045378
2017-05-26,0.011298826840228
2017-05-29,-0.0118060512599504
2017-05-30,0.0056596621388624
2017-05-31,0.0072901593168035
2017-06-01,0.0135509337035057
2017-06-02,0.0077566780880611
2017-06-05,0.0057349362780643
2017-06-06,-0.0061221531896528
2017-06-07,0.0144529503457531
2017-06-08,-0.0003636463065669
2017-06-09,0.009152151293319
2017-06-12,-0.0051828936873289
2017-06-13,0.0068428804125835
2017-06-14,0.0084276344602818
2017-06-15,0.0102327166545501
2017-06-16,-0.0066619191974349
2017-06-19,-0.0015998607101814
2017-06-20,0.0054083671695686
2017-06-21,0.0024491450300385
2017-06-22,-0.0090501193130577
2017-06-23,-0.0182798031567238
2017-06-27,-0.0229259749397793
2017-06-28,0.0057672150896821
2017-06-29,0.0096448823407548
2017-06-30,-0.0011472887210371
2017-07-03,0.0131008026363617
2017-07-04,-0.0022901982530644
2017-07-05,0.0087850960791893
2017-07-06,0.0013923541786642
2017-07-07,-0.0021255713167946
2017-07-10,-0.0023839889293806
2017-07-11,-0.0007091256784729
2017-07-12,0.0015953660641747
2017-07-13,0.0113964411602227
2017-07-14,-0.0033421650515302
2017-07-17,0.0073063102119097
2017-07-18,-0.0078057249972218
2017-07-19,0.0103017084317826
2017-07-20,0.0009209554448228
2017-07-21,-0.0003649927471183
2017-07-24,-0.000899316482647
2017-07-25,0.0008721291234987
2017-07-26,0.0072270512710936
2017-07-27,0.0014859446031683
2017-07-28,0.006862098521283
2017-07-31,0.0049787792746265
2017-08-01,0.0035757031010332
2017-08-02,5.701576859795665e-05
2017-08-03,0.0003658029624853
2017-08-04,-0.0001320661046826
2017-08-07,0.0179470115731845
2017-08-08,-0.0038577036111359
2017-08-09,-0.0077468433510931
2017-08-10,-0.0407955701213037
2017-08-11,-0.0021860342282523
2017-08-14,0.0211617861016932
2017-08-16,0.0090871086043711
2017-08-17,0.0026074476874247
2017-08-18,-0.0019567572588425
2017-08-21,-0.0104094444736769
2017-08-22,-0.0054053304964838
2017-08-23,0.0197723097672475
2017-08-24,0.0025203682358736
2017-08-28,0.013425469808961
2017-08-29,-0.009848724115383
2017-08-30,0.0186499479239818
2017-08-31,0.0092174556254052
2017-09-01,0.0060666216127718
2017-09-04,-0.0050721713807376
2017-09-05,0.0062020604958716
2017-09-06,0.009397608036163
2017-09-07,0.005511987566813
2017-09-08,0.0001346448183481
2017-09-11,0.0015936650500094
2017-09-12,0.0016792125748046
2017-09-13,0.0047647665205587
2017-09-14,0.0013319034845333
2017-09-15,0.0078659198724366
2017-09-18,-0.002303429063168
2017-09-19,0.0020740835146952
2017-09-20,0.0001033928495226
2017-09-21,-0.0063677977923962
2017-09-22,-0.0153656919215295
2017-09-25,-0.0137716186642542
2017-09-26,0.0162572024701523
2017-09-27,-0.0123356277501643
2017-09-28,0.002074415129309
2017-09-29,0.0021603453816061
2017-10-03,0.0041121186603427
2017-10-04,0.0047705208538024
2017-10-05,0.0051405747988551
2017-10-06,0.0069961615727158
2017-10-09,0.0063790312287392
2017-10-10,0.0133212511454898
2017-10-11,-0.0034870176645931
2017-10-12,0.0111351795902456
2017-10-13,0.0010006343198503
2017-10-16,-0.0014919614070945
2017-10-17,0.0002041945815971
2017-10-18,-8.258549705508766e-05
2017-10-19,0.0020726634155148
2017-10-23,-0.0022606541437854
2017-10-24,-0.0023144929010493
2017-10-25,-0.0054786082433099
2017-10-26,0.0070363116729161
2017-10-27,-0.0004507013867525
2017-10-30,0.0048230465048386
2017-10-31,-0.0013680627793977
2017-11-01,-0.0030881689466751
2017-11-02,-0.0005010704467239
2017-11-03,-0.0008162121320107
2017-11-06,0.0035195849810465
2017-11-07,-0.0029427007664992
2017-11-08,-0.0109850761049715
2017-11-09,0.0040838925946473
2017-11-10,0.0062302743242323
2017-11-13,-0.001293683426364
2017-11-14,-0.0027141566116974
2017-11-15,-0.010316737435005
2017-11-16,-0.0006910358778978
2017-11-17,0.0033416614469352
2017-11-20,0.004617027301595
2017-11-21,-0.0040788496252215
2017-11-22,0.0044043113118272
2017-11-23,0.0037027545027601
2017-11-24,0.0004077754572853
2017-11-27,0.004051270911543
2017-11-28,0.0006584025960751
2017-11-29,7.041923878703393e-05
2017-11-30,-0.002534867187243
2017-12-01,-0.0067274671410532
2017-12-04,-0.0014012380369277
2017-12-05,0.00066225611805
2017-12-06,-0.0093282864662253
2017-12-07,0.0217205967342715
2017-12-08,0.0224055558020155
2017-12-11,0.0045202333279219
2017-12-12,-0.0012860075547438
2017-12-13,-0.0146374874930034
2017-12-14,-0.0035095056583404
2017-12-15,0.017623210471666
2017-12-18,0.0021654367328942
2017-12-19,0.0179963086588867
2017-12-20,-0.0052452271829993
2017-12-21,-0.0016465577933908
2017-12-22,0.0090360822306783
2017-12-26,0.0064112001562739
2017-12-27,-0.0069440316722808
2017-12-28,0.001583451695079
2017-12-29,0.0129343714253253
2018-01-01,0.0
2018-01-02,-0.0096883957202714
2018-01-03,0.011185749797834
2018-01-04,0.0042794357674522
2018-01-05,-0.0005262786153912
2018-01-08,0.0097173415786875
2018-01-09,0.0051610220861664
2018-01-10,-6.579356804692349e-05
2018-01-11,0.0037126128311082
2018-01-12,0.0042048903988416
2018-01-15,0.0067488579869983
2018-01-16,-0.0089272355736645
2018-01-17,-0.0036476976455404
2018-01-18,-0.0178254329071864
2018-01-19,0.0070197181698397
2018-01-22,0.004511719799038
2018-01-23,0.0056182542405409
2018-01-24,0.0003104833139844
2018-01-25,0.0039967277385823
2018-01-29,-0.0068374706680509
2018-01-30,-0.0064476290774899
2018-01-31,-0.0079444120563215
2018-02-01,0.0037794378686535
2018-02-02,-0.0207825692395213
2018-02-05,-0.0080425243736181
2018-02-06,-0.0103495641134899
2018-02-07,-0.0047435190409549
2018-02-08,-0.0038537974641648
2018-02-09,0.0094509156401991
2018-02-12,0.0042135728685008
2018-02-14,0.0054364315387629
2018-02-15,0.0023384526133063
2018-02-16,-0.0022077489478458
2018-02-19,-0.0108405402375346
2018-02-20,-0.0036286659273356
2018-02-21,-0.002521633726181
2018-02-22,0.0024481232473119
2018-02-23,0.0094799333910029
2018-02-26,0.0063562399622558
2018-02-27,-0.0025056816641828
2018-02-28,-0.00308123897675
2018-03-01,-0.0042407274022181
2018-03-05,-0.0001596984344701
2018-03-06,-0.0086409265834789
2018-03-07,-0.0035381844034197
2018-03-08,-0.0020782609294438
2018-03-09,-0.0034213900187453
2018-03-12,0.0040424471443301
2018-03-13,0.0043981612713026
2018-03-14,0.0019701984049278
2018-03-15,0.0024166667161238
2018-03-16,-0.0070671687306337
2018-03-19,-0.0107645772205072
2018-03-20,0.0027484693481969
2018-03-21,0.0062121020569672
2018-03-22,-0.001244156907681
2018-03-23,-0.001344220131384
2018-03-26,0.0054211582283254
2018-03-27,0.0052905974303358
2018-03-28,-0.0066495595167513
2018-04-02,0.012581365839724
2018-04-03,0.0043193123735443
2018-04-04,-0.0045828214504305
2018-04-05,-0.0007908094152017
2018-04-06,0.0041719270248872
2018-04-09,0.0053114583565507
2018-04-10,0.0036824356848772
2018-04-11,0.0062790609925065
2018-04-12,0.0018590436493131
2018-04-13,-0.0013282292672487
2018-04-16,0.0069614778342192
2018-04-17,0.0048632633594454
2018-04-18,0.0011478562292184
2018-04-19,0.0008940893221349
2018-04-20,0.0050168362836764
2018-04-23,0.0056760468272774
2018-04-24,-0.0063271314555023
2018-04-25,0.0037374445540074
2018-04-26,0.0005025015202479
2018-04-27,0.0008228392473688
2018-04-30,0.0010872543380391
2018-05-02,-0.0072859196730056
2018-05-03,-0.0037511391660177
2018-05-04,-0.0014535874978667
2018-05-07,0.0074363618355157
2018-05-08,-0.0013315285703301
2018-05-09,-0.0015235503805084
2018-05-10,-0.0003351392549314
2018-05-11,0.0007889827228022
2018-05-14,-0.0053460856374489
2018-05-15,-0.0015931323820191
2018-05-16,-0.003989234557149
2018-05-17,-0.0026962068715771
2018-05-18,-0.0027452860583055
2018-05-21,-0.0076796957705206
2018-05-22,0.0029450028324444
2018-05-23,0.0008827212599142
2018-05-24,0.0020902135742464
2018-05-25,0.0041580451635812
2018-05-28,-0.0041039642183343
2018-05-29,0.0043147409191852
2018-05-30,-0.0018171666216548
2018-05-31,0.0057825425488955
2018-06-01,-0.0088806759177599
2018-06-04,-0.0063259919295844
2018-06-05,-0.0115725821952973
2018-06-06,0.0073813941800067
2018-06-07,0.0071689800519108
2018-06-08,0.0051889260830395
2018-06-11,-0.0012895034598113
2018-06-12,0.0038932318167825
2018-06-13,2.787198286124948e-05
2018-06-14,0.0011917274134962
2018-06-15,0.0019063857053041
2018-06-18,-0.0089368569047197
2018-06-19,-0.0047533130167609
2018-06-20,-0.0012549365909928
2018-06-21,-0.0023731633109943
2018-06-22,0.0022791538006843
2018-06-25,0.0028202601241575
2018-06-26,-0.0018738742881129
2018-06-27,0.0011033107801319
2018-06-28,-0.0104273532974016
2018-06-29,0.0055749558003626
2018-07-02,0.0018759337831026
2018-07-03,0.0063011922230267
2018-07-04,0.0029087625844916
2018-07-05,-0.0033616135336127
2018-07-06,-0.0004360892793279
2018-07-09,0.0072653092051986
2018-07-10,0.0005940334205636
2018-07-11,0.0080382967929024
2018-07-12,-0.0027661877446621
2018-07-13,0.001598676565824
2018-07-16,-0.0029500759435819
2018-07-17,-0.0009192332449426
2018-07-18,0.0001989685617493
2018-07-19,-0.0078650456252448
2018-07-20,0.0108233662628041
2018-07-23,0.0031646626461292
2018-07-24,0.0019483239738766
2018-07-25,0.0021418339278969
2018-07-26,0.0008125711081223
2018-07-27,0.0007167049245035
2018-07-30,-0.0052008044033031
2018-07-31,0.0136542392872556
2018-08-01,0.0040828364393079
2018-08-02,-0.0038424159130123
2018-08-03,0.00430605039394
2018-08-06,-0.0016318930354531
2018-08-07,-0.002878532931453
2018-08-08,0.0114750802010528
2018-08-09,0.0022415897692822
2018-08-10,-0.0018050067729707
2018-08-13,0.0011182235765971
2018-08-14,0.0078603601258064
2018-08-16,0.0030340483447215
2018-08-17,0.0064525101882191
2018-08-20,-0.0008142236131812
2018-08-21,0.0059765367387893
2018-08-23,0.0061970315500889
2018-08-24,-0.0045125286335825
2018-08-27,0.0106144036001305
2018-08-28,0.0022329279932113
2018-08-29,-0.0071414729818839
2018-08-30,-0.0014587537236501
2018-08-31,0.0068629446176378
2018-09-03,-0.0126433001913138
2018-09-04,-0.0150481359265695
2018-09-05,-0.0121563495731805
2018-09-06,-0.0025929234824147
2018-09-07,0.0071817516534606
2018-09-10,-0.0094568617377128
2018-09-11,-0.0071340856961797
2018-09-12,0.0001062030941514
2018-09-14,0.0038011752322884
2018-09-17,0.0008534652453613
2018-09-18,-8.659877973149488e-05
2018-09-19,-0.0036146100503153
2018-09-21,-0.0216241812231781
2018-09-24,-0.0035397940360002
2018-09-25,-0.0012266740672045
2018-09-26,-0.002500947277477
2018-09-27,-0.0035738108706782
2018-09-28,-0.0080171539845417
2018-10-01,-0.0010072870080859
2018-10-03,-0.007568884456975
2018-10-04,-0.0130906126759737
2018-10-05,-0.0071688389574917
2018-10-08,-0.0101108688528083
2018-10-09,-0.0013232089644475
2018-10-10,0.0011029640018394
2018-10-11,0.0038659791302901
2018-10-12,0.0027908740030186
2018-10-15,0.0056050490237793
2018-10-16,-0.0029959843114916
2018-10-17,0.0010083187038203
2018-10-19,0.0033719989888556
2018-10-22,-0.0029993531992996
2018-10-23,0.0021586211948143
2018-10-24,-0.0043592799268402
2018-10-25,0.0004761268240174
2018-10-26,0.0027945101922706
2018-10-29,-0.0029581882396606
2018-10-30,-0.0021163130989685
2018-10-31,0.0027299549616532
2018-11-01,0.0013360394656585
2018-11-02,-0.0044771620793452
2018-11-05,0.0048936954936709
2018-11-06,-0.0023942095153394
2018-11-07,-0.0001921073554929
2018-11-09,-0.0058847637221191
2018-11-12,-0.0060825882517903
2018-11-13,-0.000184145299108
2018-11-14,0.0003079689833367
2018-11-15,-0.0016396574488234
2018-11-16,-0.0020221918809254
2018-11-19,0.0005457248782427
2018-11-20,6.21405286556076e-05
2018-11-21,-0.0002565486469247
2018-11-22,-0.0001332081573528
2018-11-26,-0.0041959238207803
2018-11-27,-0.0019603637760537
2018-11-28,0.0002380952380951
2018-11-29,0.0002380952380951
2018-11-30,0.0002380952380951
2018-12-03,0.0002380952380951
2018-12-04,-0.0038760081786652
2018-12-05,-0.0147367023367188
2018-12-06,-0.0091183702700511
2018-12-07,0.0050449957088758
2018-12-10,-0.0087652582286571
2018-12-11,-0.0105567456965945
2018-12-12,-0.0024212691688387
2018-12-13,-0.0019803597519875
2018-12-14,-0.0011356103916869
2018-12-17,-0.0007074537017468
2018-12-18,-0.0020810438656558
2018-12-19,0.0035797382939763
2018-12-20,-0.0020225558979684
2018-12-21,-0.0044451209162326
2018-12-24,-0.0075579392571952
2018-12-26,0.0009229298578703
2018-12-27,0.0040341568915365
2018-12-28,0.0063042379569333
2018-12-31,-0.0018404125373697
2019-01-01,0.0
2019-01-02,-0.005204686343407
2019-01-03,0.0012519137192397
2019-01-04,-0.0035852768339555
2019-01-07,0.0014512326565849
2019-01-08,-0.0015488784356358
2019-01-09,0.0061162692316063
2019-01-10,0.0068893421052342
2019-01-11,-0.002766012208345
2019-01-14,-0.0003509095170916
2019-01-15,0.0035473029525243
2019-01-16,-0.0004359903048238
2019-01-17,-0.0006117093889126
2019-01-18,-0.0043305675761659
2019-01-21,0.0018810507705089
2019-01-22,0.0023328070582915
2019-01-23,0.0002212529001279
2019-01-24,-0.0018078693504327
2019-01-25,-0.0052456990861891
2019-01-28,-0.0023223383364223
2019-01-29,0.0047642681376987
2019-01-30,0.000916348195771
2019-01-31,0.0017978302999659
2019-02-01,0.001890499942653
2019-02-04,0.0001053286133974
2019-02-05,0.0007163421714866
2019-02-06,0.0023563652899296
2019-02-07,-0.0027480937169267
2019-02-08,-0.0061017434513659
2019-02-11,-0.0041521004187624
2019-02-12,-0.0053079692155836
2019-02-13,0.000130354115587
2019-02-14,-0.0022329300765583
2019-02-15,0.0024301032606459
2019-02-18,0.0035406313749546
2019-02-19,0.0012720361690137
2019-02-20,0.0023487470581349
2019-02-21,-0.0033471395199063
2019-02-22,-0.0025618822794784
2019-02-25,0.0010885038910135
2019-02-26,-0.0003514387871554
2019-02-27,0.0010206843660216
2019-02-28,-0.0012600537880079
2019-03-01,-0.0062594295717421
2019-03-05,-0.0088509710731611
2019-03-06,0.0008246089848735
2019-03-07,-0.0105541529489151
2019-03-08,0.0015923464655887
2019-03-11,0.0069527908458724
2019-03-12,0.0003317795315687
2019-03-13,0.0009373428274526
2019-03-14,-0.0031734080236986
2019-03-15,0.0029648688105301
2019-03-18,-0.0017028906891646
2019-03-19,0.0057916414970373
2019-03-20,-0.0059216134681817
2019-03-22,0.0042380836988895
2019-03-25,-0.0047463380441412
2019-03-26,0.0047143031676544
2019-03-27,0.0012080918142525
2019-03-28,0.0059399654903391
2019-03-29,0.0024846857936531
2019-04-01,-0.0016642793092433
2019-04-02,-0.0017350028271522
2019-04-03,-0.0042813685089265
2019-04-04,0.0006488659848746
2019-04-05,0.0070796605995584
2019-04-08,-0.0065471202165854
2019-04-09,-4.368004172816686e-05
2019-04-10,-0.0008232448657294
2019-04-11,-0.0003989148404329
2019-04-12,0.0013916193257208
2019-04-15,-0.002226384380676
2019-04-16,0.004087250448062
2019-04-18,-0.0014177798673695
2019-04-22,-0.0085935412943441
2019-04-23,0.0006329700269631
2019-04-24,0.0059394319633734
2019-04-25,0.0024208694887406
2019-04-26,0.0026373588159611
2019-04-30,0.0008319721554594
2019-05-02,-0.0035518073495662
2019-05-03,-0.0010686152299074
2019-05-06,-0.0158507863047294
2019-05-07,-0.0091351835305355
2019-05-08,-0.0068894806666064
2019-05-09,0.0013278195497596
2019-05-10,0.0010170885386446
2019-05-13,-0.0028948369283144
2019-05-14,0.0063533762000733
2019-05-15,0.0065146084859626
2019-05-16,0.0039192147545354
2019-05-17,0.0079164724979496
2019-05-20,0.0124982354084095
2019-05-21,-0.0029153048966114
2019-05-22,0.0018710805105541
2019-05-23,-0.0030145999717111
2019-05-24,0.0038613391323338
2019-05-27,-0.0022136245503732
2019-05-28,-0.0018110043528619
2019-05-29,-0.0026707378267671
2019-05-30,0.0058169108819976
2019-05-31,0.0044269038977735
2019-06-03,0.010286236624287
2019-06-04,0.0034998313194549
2019-06-06,-0.0051609362449258
2019-06-07,0.0025470670070688
2019-06-10,-0.0008658907099956
2019-06-11,-0.0022641636622058
2019-06-12,-0.0011974502599523
2019-06-13,0.0029017461828191
2019-06-14,0.0022325127017241
2019-06-17,-0.0167523873020023
2019-06-18,0.0042582952365337
2019-06-19,-0.0036294062910928
2019-06-20,0.0120233327659944
2019-06-21,-0.0019430799693729
2019-06-24,0.0021902805461111
2019-06-25,0.0105327426928085
2019-06-26,-0.0066035929803776
2019-06-27,0.0005891218228208
2019-06-28,0.0043633664536102
2019-07-01,-0.0052847425677253
2019-07-02,0.0017743795323996
2019-07-03,0.0054130973730495
2019-07-04,-0.0036440664433058
2019-07-05,-0.0025990824455809
2019-07-08,-0.0194249502459524
2019-07-09,-0.0090055718853926
2019-07-10,-0.0040876146712905
2019-07-11,0.008411104695889
2019-07-12,-0.0007676156038428
2019-07-15,0.0003775951652951
2019-07-16,0.0078775189381787
2019-07-17,-0.0063171045345904
2019-07-18,0.0010322291377593
2019-07-19,-0.0035505380162269
2019-07-22,-0.0153218715009325
2019-07-23,-0.002532116277604
2019-07-24,-0.0051748952193023
2019-07-25,0.0029102006225221
2019-07-26,-0.0048562643964752
2019-07-29,-0.0010565132501335
2019-07-30,-0.0023100420845649
2019-07-31,0.0017204518584033
2019-08-01,-0.0042809111375191
2019-08-02,0.0059313931362487
2019-08-05,0.0086611504097204
2019-08-06,0.00255454475093
2019-08-07,0.0059107972786733
2019-08-08,-0.0004099084425236
2019-08-09,0.0015906377084726
2019-08-13,0.0070617392736243
2019-08-14,-0.0061140486200804
2019-08-16,0.001646319163131
2019-08-19,0.0006207133369779
2019-08-20,0.0030275560571382
2019-08-21,-0.0026525089089991
2019-08-22,0.0031156335029844
2019-08-23,-0.0011349477015675
2019-08-26,0.0104506410585651
2019-08-27,8.202049165850767e-06
2019-08-28,0.0032241561697323
2019-08-29,0.0002715078492747
2019-08-30,-0.0024361742497674
2019-09-03,0.0060246701435777
2019-09-04,0.0012760824525956
2019-09-05,-0.0003924076768144
2019-09-06,-0.0086589753520176
2019-09-09,0.0016280507856079
2019-09-11,-0.0030265938863638
2019-09-12,-0.0014863345471796
2019-09-13,0.0008959750953083
2019-09-16,-0.0055499960729964
2019-09-17,-0.0069217664209744
2019-09-18,0.0022722936135251
2019-09-19,-0.0103751109450785
2019-09-20,0.0347554145505617
2019-09-23,0.0159935828158399
2019-09-24,-0.0053387682660706
2019-09-25,-0.000801935102753
2019-09-26,0.0033497472006889
2019-09-27,0.0019528431084634
2019-09-30,-0.0050271103758925
2019-10-01,-0.0063598690917728
2019-10-03,0.0078410430074589
2019-10-04,-0.0037317667425185
2019-10-07,0.0019694531656646
2019-10-09,0.0108969118334085
2019-10-10,-0.0001122380700013
2019-10-11,0.0016117056582791
2019-10-14,0.0026680791437179
2019-10-15,0.0020319779797428
2019-10-16,-0.0015489767954249
2019-10-17,0.0077640157945326
2019-10-18,0.0040572019318501
2019-10-22,-1.06027902168071e-05
2019-10-23,0.0023780931541739
2019-10-24,0.0031734169318733
2019-10-25,0.0025155271206847
2019-10-27,0.0058077090574062
2019-10-29,-0.0030945392445517
2019-10-30,0.0011504148515062
2019-10-31,0.0080629560329585
2019-11-01,-0.0058003627860127
2019-11-04,0.000259127017516
2019-11-05,-0.0022819154712536
2019-11-06,-0.0050310746563561
2019-11-07,0.0039872103914351
2019-11-08,-0.0077079865849554
2019-11-11,0.0059309975346444
2019-11-13,0.0027677658912912
2019-11-14,0.0035468892522767
2019-11-15,-0.002365211263917
2019-11-18,-0.0042826402333067
2019-11-19,0.0051831890365867
2019-11-20,0.0025549882840822
2019-11-21,-0.0080428599839275
2019-11-22,-0.003332375398326
2019-11-25,0.0003094552634503
2019-11-26,-0.0040249308726698
2019-11-27,0.0076779680603216
2019-11-28,0.0044397941674889
2019-11-29,9.077127925083415e-06
2019-12-02,-0.0016800784870026
2019-12-03,0.0018446990533875
2019-12-04,0.0048114059222907
2019-12-05,-0.0063725088842284
2019-12-06,-0.0025644618379533
2019-12-09,-0.0058748507713047
2019-12-10,-0.0039873062354672
2019-12-11,0.0052991270047502
2019-12-12,0.0026575906968742
2019-12-13,0.001113385535836
2019-12-16,0.0020913499208179
2019-12-17,0.0022397685184631
2019-12-18,-0.0003501665767093
2019-12-19,0.0005143537067482
2019-12-20,0.0034886151946744
2019-12-23,0.0015341198502394
2019-12-24,-0.0016363799774862
2019-12-26,0.0020920194741829
2019-12-27,0.0038368399349746
2019-12-30,0.0028644218227324
2019-12-31,0.0031189899515922
2020-01-01,0.0
2020-01-02,-0.000394418347198
2020-01-03,0.0107821814549358
2020-01-06,-0.0038508534260758
2020-01-07,-0.0013736984444328
2020-01-08,0.0067528740972726
2020-01-09,-0.0033138765438035
2020-01-10,-0.0033634383317385
2020-01-13,0.0009540259736962
2020-01-14,0.0022927812441515
2020-01-15,0.0057723828610625
2020-01-16,0.0015138114135548
2020-01-17,0.0019723293636195
2020-01-20,0.0019208487148507
2020-01-21,-0.0028257243500083
2020-01-22,0.0006661462556896
2020-01-23,0.0072438199079027
2020-01-24,0.0045988147838844
2020-01-27,0.0039155421014676
2020-01-28,0.000788046812014
2020-01-29,0.0007333771338404
2020-01-30,-0.000478152270779
2020-01-31,0.0001121074165255
2020-02-01,-0.0113397380010451
2020-02-03,0.0086281866360813
2020-02-04,0.0018511063413106
2020-02-05,0.0019663244262781
2020-02-06,0.0038069734971306
2020-02-07,0.0041789357824677
2020-02-10,0.0047671730087301
2020-02-11,0.0031177089016896
2020-02-12,0.0023299884960072
2020-02-13,0.0002107585685264
2020-02-14,0.0039258225767604
2020-02-17,-0.0049088944721755
2020-02-18,0.0025825529512424
2020-02-19,0.0096065128018609
2020-02-20,-0.0008601535833516
2020-02-24,0.0034182809993537
2020-02-25,-0.0029742089433731
2020-02-26,-0.0035389519102148
2020-02-27,-0.0071590856459236
2020-02-28,-0.0262852795283972
2020-03-02,-0.0072034195148029
2020-03-03,0.0114350896333954
2020-03-04,-0.0001755993653105
2020-03-05,0.0022615740001796
2020-03-06,0.0050724819743701
2020-03-09,-0.0291518698044002
2020-03-11,-0.0056774852151435
2020-03-12,-0.0491848132946241
2020-03-13,-0.0371746784402436
2020-03-16,-0.0078873893245654
2020-03-17,-0.0083033680631567
2020-03-18,0.0072543072104056
2020-03-19,-0.0025221999206275
2020-03-20,0.0105860946848528
2020-03-23,-0.0123785203573087
2020-03-24,0.0160718012554395
2020-03-25,0.0070055447173489
2020-03-26,-0.0029304650844604
2020-03-27,0.0166656330775081
2020-03-30,0.0177378978298421
2020-03-31,-0.0167204077258725
2020-04-01,0.0004722971648811
2020-04-03,0.0062949656966255
2020-04-07,0.0099277806726432
2020-04-08,0.0014562665455697
2020-04-09,0.0111362782331454
2020-04-13,0.0186305361305161
2020-04-15,0.0020527898512949
2020-04-16,0.0064193947923254
2020-04-17,-0.0082389283878198
2020-04-20,-0.0096958376607848
2020-04-21,0.005523856215837
2020-04-22,0.0061370964194398
2020-04-23,0.0001299445722104
2020-04-24,0.000982645807853
2020-04-27,-0.0012543995593621
2020-04-28,0.0014094563847673
2020-04-29,-0.0031706058535548
2020-04-30,0.002266480754304
2020-05-04,0.0018351178514921
2020-05-05,-0.0125280786794952
2020-05-06,-0.0018073894605182
2020-05-07,-0.0031055877577098
2020-05-08,0.0050034952053239
2020-05-11,-0.0035305452787942
2020-05-12,0.0008888268638564
2020-05-13,-0.0027838697063069
2020-05-14,0.0057639757763892
2020-05-15,0.0034697096599471
2020-05-18,0.0080719224094467
2020-05-19,-0.0123239494748625
2020-05-20,0.0056284566565354
2020-05-21,-0.0046914831757646
2020-05-22,0.0025007738703586
2020-05-26,-0.0047017760651545
2020-05-27,-0.0058030910444053
2020-05-28,0.0059944417559758
2020-05-29,-0.0020256549466165
2020-06-01,0.0025111303384144
2020-06-02,-0.0001912489659696
2020-06-03,-0.0031036708891588
2020-06-04,-0.0006246395214762
2020-06-05,0.0042471440268097
2020-06-08,-0.0056894909948383
2020-06-09,0.0039281695454476
2020-06-10,0.0069519694483541
2020-06-11,0.0014223949705791
2020-06-12,0.0061405404420598
2020-06-15,-0.0053112957082595
2020-06-16,0.0105544095858227
2020-06-17,-0.0019854841933646
2020-06-18,0.0021490344953218
2020-06-19,-0.0009262468319303
2020-06-22,0.0059619649833113
2020-06-23,0.0049106971587233
2020-06-24,-0.0031004979817581
2020-06-25,9.887158403820706e-05
2020-06-26,-0.0040513036107181
2020-06-29,-0.0021367183777667
2020-06-30,0.001201274620713
2020-07-01,0.0102702584346543
2020-07-02,-0.0032350350886924
2020-07-03,0.0064685766876
2020-07-06,0.0021838462696097
2020-07-07,0.0006205413343276
2020-07-08,0.0026223537048579
2020-07-09,0.0099961111657307
2020-07-10,0.0102668566061761
2020-07-13,0.0060310159300462
2020-07-14,-0.005897818989753
2020-07-15,-0.0012949145247453
2020-07-16,-0.0018930231417717
2020-07-17,0.0056440136347684
2020-07-20,0.0099938665021757
2020-07-21,0.0045859981237652
2020-07-22,0.0111304561788208
2020-07-23,0.0084982953870917
2020-07-24,0.0094919628317544
2020-07-27,0.0020213813862701
2020-07-28,0.0014059447168857
2020-07-29,0.0005354101502068
2020-07-30,-0.0027924104763725
2020-07-31,0.0195494090619516
2020-08-03,0.0062582429511768
2020-08-04,0.0046710653031396
2020-08-05,0.0115953839659797
2020-08-06,0.0099073554207671
2020-08-07,0.0052522821992191
2020-08-10,0.0114188167075366
2020-08-11,-0.0114960591750533
2020-08-12,-0.0136230013118403
2020-08-13,0.0053243536419667
2020-08-14,-0.0034807833813403
2020-08-17,0.000922686699984
2020-08-18,0.0115087797914579
2020-08-19,0.0001070422164495
2020-08-20,-0.007565564720592
2020-08-21,0.0089370167925675
2020-08-24,0.0123944012934602
2020-08-25,0.0002449735776226
2020-08-26,0.0017713471788023
2020-08-27,0.003726868693761
2020-08-28,-0.0029708590056449
2020-08-31,-0.0256939125209801
2020-09-01,0.0112355584682519
2020-09-02,0.0143579295701603
2020-09-03,0.0014392146432395
2020-09-04,-0.0027070991485876
2020-09-07,-0.003701014465846
2020-09-08,-0.001169688301609
2020-09-09,-0.002632507398794
2020-09-10,0.0091811109838182
2020-09-11,0.0024417760687802
2020-09-14,0.0243663370987408
2020-09-15,0.013754124155751
2020-09-16,0.0072443929734693
2020-09-17,-0.0014874934215434
2020-09-18,0.006692591408449
2020-09-21,-0.022917816498497
2020-09-22,-0.0170945930008225
2020-09-23,-0.0062159039106619
2020-09-24,-0.0197321117652006
2020-09-25,0.0210769653544966
2020-09-28,0.0186549882704265
2020-09-29,0.0062371415660154
2020-09-30,-0.0002739614733288
2020-10-01,-6.809194879797698e-05
2020-10-05,0.004548481112061
2020-10-06,0.0053626171209726
2020-10-07,-0.0051963009911626
2020-10-08,0.0033245742280394
2020-10-09,0.0018894707242311
2020-10-12,0.0025035024629969
2020-10-13,0.0040139255262237
2020-10-14,-0.0037002696092329
2020-10-15,-0.0127977188231184
2020-10-16,0.0014988202881687
2020-10-19,-0.0019254927176849
2020-10-20,0.0033257761942271
2020-10-21,0.0042034536129802
2020-10-22,-0.0003165331601769
2020-10-23,0.0008213244471693
2020-10-26,-0.0036427576779098
2020-10-27,0.0023061119197362
2020-10-28,-0.0045152877242877
2020-10-29,-0.0057670673633578
2020-10-30,0.0008990392654799
2020-11-02,-0.0061057061866761
2020-11-03,0.0032406755095166
2020-11-04,0.0036533496245712
2020-11-05,0.0063433789574607
2020-11-06,0.0071176820329375
2020-11-09,0.0045510573314355
2020-11-10,-0.0197236470910432
2020-11-11,0.0069580660853507
2020-11-12,0.0034939248222549
2020-11-13,0.0085619691941642
2020-11-14,0.0055913947021153
2020-11-17,0.007239170468168
2020-11-18,0.0006547855216223
2020-11-19,-0.0113192238101941
2020-11-20,0.0073325232329106
2020-11-23,0.0111365906528126
2020-11-24,-0.0058220816192292
2020-11-25,-0.0137436004325607
2020-11-26,0.002573799274161
2020-11-27,0.0132985431965992
2020-12-01,0.0024971906744268
2020-12-02,0.0268196939498079
2020-12-03,-0.0062479359404882
2020-12-04,0.0025594942739859
2020-12-07,-0.0048731555336609
2020-12-08,0.0013879687067679
2020-12-09,-0.0007302914229222
2020-12-10,-0.0094118414712148
2020-12-11,0.0088065792992568
2020-12-14,0.0001848970321252
2020-12-15,0.0025513029064605
2020-12-16,0.0052997329948949
2020-12-17,0.0052913569001031
2020-12-18,-0.0012169728228501
2020-12-21,-0.0220628720240982
2020-12-22,0.0075762920886734
2020-12-23,0.0073879253821984
2020-12-24,0.0014706260851125
2020-12-28,0.0093531325526159
2020-12-29,-0.0011088146078689
2020-12-30,0.0013711295615213
2020-12-31,0.005964863840578
2021-01-01,0.0
2021-01-04,-0.0194074544760693
2021-01-05,0.0083601857198307
2021-01-06,0.0025426147020282
2021-01-07,-0.0052914445835132
2021-01-08,0.0023412683607137
2021-01-11,-0.0020059459120904
2021-01-12,-0.0003695570265246
2021-01-13,-0.0019718797157364
2021-01-14,-0.0009452577599555
2021-01-15,-0.0189621219181373
2021-01-18,-0.0188059339337287
2021-01-19,0.0092375070787191
2021-01-20,0.0119611501824528
2021-01-21,-0.001107980168389
2021-01-22,-0.0081969424074275
2021-01-25,-0.0065477592344185
2021-01-27,-0.0118006276510159
2021-01-28,-0.0094314224552367
2021-01-29,-0.0112381206377106
2021-02-01,0.0191892768977335
2021-02-02,0.012087477759193
2021-02-03,0.0209065005629731
2021-02-04,0.0151251040037054
2021-02-05,0.0025218172049523
2021-02-08,0.0161632062209391
2021-02-09,0.005141778562806
2021-02-10,0.0145208686232995
2021-02-11,0.0174468902024491
2021-02-12,0.0049446317127677
2021-02-15,0.0169131134710662
2021-02-16,0.0074071965277535
2021-02-17,0.0007100946952531
2021-02-18,0.0097897211572874
2021-02-19,-0.0069550465434652
2021-02-22,-0.0033241353969796
2021-02-23,0.0028005445562893
2021-02-24,0.0086379372242177
2021-02-25,0.0174195862432056
2021-02-26,-0.0080017102157728
2021-03-01,0.0139080303364138
2021-03-02,0.0179580724005086
2021-03-03,0.0180807971503271
2021-03-04,0.0152543862498168
2021-03-05,-0.006571880504668
2021-03-08,0.0057586362447792
2021-03-09,-0.0093373011342706
2021-03-10,0.013931181309863
2021-03-12,-0.0038101494832964
2021-03-15,-0.0046261834035497
2021-03-16,0.004399967672116
2021-03-17,-0.0186610593580734
2021-03-18,-0.0114228801315706
2021-03-19,0.0059750320146354
2021-03-22,0.0174494332238208
2021-03-23,0.0217455889523974
2021-03-24,-0.018697146788287
2021-03-25,-0.0250732271416744
2021-03-26,0.0119841046257329
2021-03-30,0.0149643230432559
2021-03-31,0.0088526599589451
2021-04-01,0.0240948064748298
2021-04-05,0.0022854050449836
2021-04-06,0.0297972759061166
2021-04-07,0.0127966568356552
2021-04-08,0.0016352408359432
2021-04-09,0.0043827233732209
2021-04-12,-0.0543429684780575
2021-04-13,0.0069506573137803
2021-04-15,0.0039505539061204
2021-04-16,0.0114049277709924
2021-04-19,-0.0153429330099308
2021-04-20,0.0026026867070469
2021-04-22,0.0093384168298227
2021-04-23,0.004529622729624
2021-04-26,0.0136164959772013
2021-04-27,0.0391074172402718
2021-04-28,0.009205642489541
2021-04-29,0.0110960713489085
2021-04-30,0.0033812838808569
2021-05-03,0.0225900922672963
2021-05-04,-0.0016256702773385
2021-05-05,0.0077168354298007
2021-05-06,0.0084540415288991
2021-05-07,0.0133587376619048
2021-05-10,0.0030894720193215
2021-05-11,0.000708704694978
2021-05-12,-0.0151372195088838
2021-05-14,-0.019787285174888
2021-05-17,0.0204985066921754
2021-05-18,0.0182890110074542
2021-05-19,0.0001446560643567
2021-05-20,-0.0099973395659669
2021-05-21,0.0041982070381165
2021-05-24,0.0071726007479244
2021-05-25,-0.0044202645168359
2021-05-26,-0.0008530209714242
2021-05-27,0.011242582913878
2021-05-28,0.0017616345982842
2021-05-31,0.0039787737677856
2021-06-01,-0.0041032100444459
2021-06-02,0.0132003761174805
2021-06-03,0.0053576887565955
2021-06-04,0.0099684994272604
2021-06-07,0.0033583034959561
2021-06-08,0.0133281159360014
2021-06-09,-0.0097814697322233
2021-06-10,0.0146138510823397
2021-06-11,0.0029835884744235
2021-06-14,-0.0060041761584441
2021-06-15,0.002203458243511
2021-06-16,-0.0060929425687831
2021-06-17,-0.0025569048772871
2021-06-18,-0.009795466149527
2021-06-21,0.007289473306244
2021-06-22,0.0071908897324526
2021-06-23,-0.0067989219203646
2021-06-24,0.0078114850348656
2021-06-25,0.0083662286313443
2021-06-28,0.0106570123958091
2021-06-29,0.0057620211609437
2021-06-30,0.0119503877099582
2021-07-01,0.0024266107505865
2021-07-02,0.0124377821194836
2021-07-05,0.001422007090545
2021-07-06,-0.003002375610318
2021-07-07,0.0020123431263421
2021-07-08,0.0010445045607025
2021-07-09,0.0037353243191453
2021-07-12,0.002248711990247
2021-07-13,0.0079643317536743
2021-07-14,0.0039645166670823
2021-07-15,0.018989294167194
2021-07-16,0.000840028065965
2021-07-19,-0.0058170886617954
2021-07-20,-0.0055158169897284
2021-07-22,0.0112288161658555
2021-07-23,0.0013223698618498
2021-07-26,0.006579614885761
2021-07-27,-0.001864231994233
2021-07-28,-0.0089032647997454
2021-07-29,0.0054644460928787
2021-07-30,0.002324151731502
2021-08-02,0.0082736567816839
2021-08-03,0.0008621431889832
2021-08-04,-0.0174000487432937
2021-08-05,0.0021480377386229
2021-08-06,0.0003982375579738
2021-08-09,-0.0023365099031302
2021-08-10,-0.0131466368299799
2021-08-11,0.0001601934082133
2021-08-12,0.0198755207254885
2021-08-13,0.0010607979482895
2021-08-16,0.0113086605082981
2021-08-17,0.0140780996983584
2021-08-18,-0.0008110149258245
2021-08-20,-0.0217067691688901
2021-08-23,-0.0089750062910041
2021-08-24,0.0098573588783827
2021-08-25,0.0015736628741027
2021-08-26,0.0006031556537016
2021-08-27,0.0180527917904205
2021-08-30,0.0093042270536454
2021-08-31,0.0100863260318717
2021-09-01,-0.005296450955462
2021-09-02,0.0086988402408865
2021-09-03,0.0092963034673385
2021-09-06,0.0020033320732191
2021-09-07,-0.002261132907986
2021-09-08,-0.0020645985918887
2021-09-09,0.0056901771734085
2021-09-13,0.0170993626647173
2021-09-14,0.0084513497531173
2021-09-15,0.0129634430684566
2021-09-16,-0.002273127222905
2021-09-17,-0.0077852930812192
2021-09-20,-0.0104053711989576
2021-09-21,0.011416890160969
2021-09-22,0.0097400554833697
2021-09-23,0.015000842747177
2021-09-24,-0.0016350495647343
2021-09-27,-0.0203177672042955
2021-09-28,-0.0151658689751854
2021-09-29,0.0065172563072315
2021-09-30,0.0039298823672651
2021-10-01,-0.0071514780363576
2021-10-04,0.0157796751249639
2021-10-05,0.0067170121249333
2021-10-06,-0.0021249001551112
2021-10-07,0.0106118534753023
2021-10-08,0.0128842217442675
2021-10-11,0.0082387353872335
2021-10-12,-0.0029390604996614
2021-10-13,0.0152295805426498
2021-10-14,0.0132716564328845
2021-10-18,-0.0286548207135926
2021-10-19,0.0067846525996289
2021-10-20,-0.0206759984954928
2021-10-21,-0.0092087109404951
2021-10-22,-0.0034413665769155
2021-10-25,-0.0130200347585592
2021-10-26,0.0080726601031826
2021-10-27,-0.0023120126957025
2021-10-28,-0.0073873596815579
2021-10-29,-0.0017270466976945
2021-11-01,0.0074814602697752
2021-11-02,0.0038506541313731
2021-11-03,-0.0043752998175475
2021-11-04,0.0068404340531802
2021-11-08,0.0066485620789451
2021-11-09,0.0071403367848679
2021-11-10,0.0021884164766678
2021-11-11,0.0092837062767372
2021-11-12,0.0018261660827942
2021-11-15,0.0037255378603016
2021-11-16,0.0020384225011655
2021-11-17,0.0010164772893754
2021-11-18,-0.0073718481729651
2021-11-22,-0.017396568909121
2021-11-23,-0.0016364776007931
2021-11-24,-0.0058137073882987
2021-11-25,0.0065270340708813
2021-11-26,-0.0123504965609293
2021-11-29,-0.0105269470575388
2021-11-30,-0.0022755045325609
2021-12-01,-0.0003138064617388
2021-12-02,0.0117948398732579
2021-12-03,-0.00393981987367
2021-12-06,-0.002911044757264
2021-12-07,0.0064906686883403
2021-12-08,0.0085967635671999
2021-12-09,-5.243174324154332e-06
2021-12-10,0.0043139695992107
2021-12-13,0.0045976728317131
2021-12-14,0.0062741636886365
2021-12-15,-0.0054086926606836
2021-12-16,-0.0007644319496469
2021-12-17,-0.0087909199402715
2021-12-20,-0.0222818553266632
2021-12-21,0.0037178360937684
2021-12-22,0.0081919159807597
2021-12-23,0.0034721694581201
2021-12-24,-0.0011860173889028
2021-12-27,0.0020144606422438
2021-12-28,0.0069748849045301
2021-12-29,-0.0038981057720202
2021-12-30,-0.0022150364912905
2021-12-31,0.0097549978560393
2022-01-03,0.0
2022-01-04,-0.0066751153479106
2022-01-05,-0.0050562190489898
2022-01-06,-0.0029814633014028
2022-01-07,0.0042550539314716
2022-01-10,0.0034048587585089
2022-01-11,-0.0013055479638534
2022-01-12,-0.0028953790028585
2022-01-13,0.0002370984595023
2022-01-14,0.002184861437972
2022-01-17,0.000602185067043
2022-01-18,-0.0071280102302447
2022-01-19,-0.0027145703174452
2022-01-20,0.0077975934539922
2022-01-21,-0.013678991269176
2022-01-24,-0.017757236586564
2022-01-25,0.0015600465346536
2022-01-27,-0.0074662660368478
2022-01-28,-0.001511191393009
2022-01-31,0.0036930883607593
2022-02-01,0.005768169061455
2022-02-02,0.003574633101544
2022-02-03,-0.0009570881191635
2022-02-04,0.0023655155910318
2022-02-07,-0.0027796426202693
2022-02-08,-0.0087676463881236
2022-02-09,0.0042712806211151
2022-02-10,0.0049689560413579
2022-02-11,-0.0077822996641488
2022-02-14,-0.0079243199827688
2022-02-15,0.0050966737939537
2022-02-16,0.0001185963407492
2022-02-17,0.0104715163184534
2022-02-18,-0.0085299817247981
2022-02-21,-0.0065319038672874
2022-02-22,-0.0018369580198288
2022-02-23,-0.0007447999745311
2022-02-24,-0.0028299162596197
2022-02-25,-0.0003322325685606
2022-02-28,0.0034985119331563
2022-03-02,0.0143880898578911
2022-03-03,0.0047055967162668
2022-03-04,-0.0064819777366309
2022-03-07,0.0159933768878812
2022-03-08,-0.0031843002740526
2022-03-09,0.0009248442586284
2022-03-10,-0.0036707790297104
2022-03-11,0.0134948022437544
2022-03-14,-0.0009891405256702
2022-03-15,-0.0101467310829991
2022-03-16,0.006949489407265
2022-03-17,0.0042969989763492
2022-03-21,0.0088876971906912
2022-03-22,0.0072462164857014
2022-03-23,0.0040233745219955
2022-03-24,0.0017573155559931
2022-03-25,-0.0008037056422786
2022-03-28,-0.0009602174619348
2022-03-29,-0.0038045637397455
2022-03-30,0.0013266026000617
2022-03-31,0.0036704305805754
2022-04-01,0.0070080669925491
2022-04-04,0.0033927860541325
2022-04-05,0.0041668142148663
2022-04-06,0.0085424799381228
2022-04-07,-0.0037184893508129
2022-04-08,0.0117225170195491
2022-04-11,0.0082906698443252
2022-04-12,-0.010776801596669
2022-04-13,0.0050839391624517
2022-04-18,-0.0007573560532212
2022-04-19,-0.0108876967667519
2022-04-20,-0.0079384395046419
2022-04-21,0.0085664147964059
2022-04-22,-0.0010221688702446
2022-04-25,-0.0156308963001441
2022-04-26,0.0066108438717953
2022-04-27,-0.0103492091891063
2022-04-28,0.0049125280279551
2022-04-29,-0.0002654108021747
2022-05-02,-0.0150351627443832
2022-05-04,-0.0139162237912675
2022-05-05,0.01030885994197
2022-05-06,-0.0107028504082324
2022-05-09,-0.0174872549351053
2022-05-10,-0.0152392435817811
2022-05-11,-0.0028358405079197
2022-05-12,-0.0003494051314356
2022-05-13,-0.0068677593734194
2022-05-16,-0.0031647146555442
2022-05-17,0.0048203162637006
2022-05-18,-0.0016383760139552
2022-05-19,0.0024610673391904
2022-05-20,0.0039749092216976
2022-05-23,0.0039592439843478
2022-05-24,-0.0019719768128469
2022-05-25,0.0006972444521466
2022-05-26,-0.0027874215748556
2022-05-27,0.0025622474248676
2022-05-30,-0.0010455274060432
2022-05-31,-0.0002325292793972
2022-06-01,-0.0048852204088838
2022-06-02,0.0054937780955264
2022-06-03,0.0020926148260322
2022-06-06,-0.0016239535878964
2022-06-07,-0.0015103480910263
2022-06-08,0.0003493172733788
2022-06-09,0.000930862231844
2022-06-10,-0.0015106150779414
2022-06-13,0.004539745678971
2022-06-14,-0.0070678219201678
2022-06-15,0.0005838317735937
2022-06-16,0.00139991090386
2022-06-17,0.0043096039144756
2022-06-20,-0.0028987309336148
2022-06-21,-0.0003484664399132
2022-06-22,-0.001046588468483
2022-06-23,0.0010486663459461
2022-06-24,-0.0010465318064931
2022-06-27,0.0025627727470802
2022-06-28,-0.0006964082485483
2022-06-29,-0.0003481365086964
2022-06-30,0.0001169339137938
2022-07-01,0.007093456642363
2022-07-04,0.0038107314906612
2022-07-05,0.0014959353490611
2022-07-06,-0.0071196928826824
2022-07-07,-0.0065923376473097
2022-07-08,-0.0001156282624388
2022-07-11,8.613634956411431e-07
2022-07-12,0.0008159920176336
2022-07-13,-0.0019771442531033
2022-07-14,-0.0015146798008826
2022-07-15,-0.0021007532073875
2022-07-18,0.0052663448159797
2022-07-19,-0.0017449194389993
2022-07-20,0.0001176375713098
2022-07-21,0.0038746809216843
2022-07-22,0.0082321412684038
2022-07-25,-0.0031913118159957
2022-07-26,-0.0010778485167436
2022-07-27,0.0034017804835619
2022-07-28,0.00836466877172
2022-07-29,0.0053528413197261
2022-08-01,0.0099595183088905
2022-08-02,0.0023262960623215
2022-08-03,0.0004209436808524
2022-08-04,0.0068544636367298
2022-08-05,-0.0004033719707959
2022-08-08,0.0024751031440581
2022-08-10,0.0018464541616474
2022-08-11,0.0014137835509842
2022-08-12,0.001366373700945
2022-08-16,0.0027485108776479
2022-08-17,-0.0009256131428159
2022-08-18,0.0010734143962334
2022-08-19,-0.0064104975189486
2022-08-22,-0.0103022784811097
2022-08-23,0.006636149400953
2022-08-24,0.0049894213917545
2022-08-25,0.0042534666328266
2022-08-26,0.0007548674353279
2022-08-29,-0.0043705887854619
2022-08-30,0.0112192726229518
2022-09-01,-0.0041062774571234
2022-09-02,0.0018768360199188
2022-09-05,0.0032568680031099
2022-09-06,-0.0019667237438976
2022-09-07,-0.0013869850957265
2022-09-08,0.0047924076070458
2022-09-09,-0.0004828234222656
2022-09-12,0.0028641031816765
2022-09-13,0.0002118663722787
2022-09-14,-0.0036991494288791
2022-09-15,0.0033595421497023
2022-09-16,-0.0096246206807214
2022-09-19,0.00398808511665
2022-09-20,0.0050509069702751
2022-09-21,-0.0073973786429921
2022-09-22,0.0076676386727063
2022-09-23,-0.0210071455056084
2022-09-26,-0.036094875846488
2022-09-27,-0.00161732536437
2022-09-28,-0.0090654656761266
2022-09-29,0.0022856221107636
2022-09-30,0.0051558469627861
2022-10-03,-0.0221162299801971
2022-10-04,0.0188824287831788
2022-10-06,0.0154742750517433
2022-10-07,0.0052916573601236
2022-10-10,-0.0213196472304995
2022-10-11,-0.0117103666300011
2022-10-12,0.0015925368526483
2022-10-13,-0.005550109009661
2022-10-14,-0.0077393721270193
2022-10-17,0.0072331152486757
2022-10-18,0.017696968721397
2022-10-19,-0.0007254489608904
2022-10-20,-0.008045871392894
2022-10-21,-0.0049276453816966
2022-10-24,0.0099920321912709
2022-10-25,0.0069861764849092
2022-10-27,0.0029275190059812
2022-10-28,-0.0107690305951712
2022-10-31,0.0048041811225578
2022-11-01,-0.0016586660478166
2022-11-02,0.001157215280142
2022-11-03,0.0060596141256561
2022-11-04,-0.00450352524918
2022-11-07,0.010477819758736
2022-11-09,-0.00258960559328
2022-11-10,-0.0156784385412194
2022-11-11,0.007835757428966
2022-11-14,-0.0028334994398014
2022-11-15,0.0049340687677659
2022-11-16,0.0047977506789711
2022-11-17,-0.0034345085398849
2022-11-18,-0.0055793778561733
2022-11-21,-0.007124116683601
2022-11-22,0.004533125823138
2022-11-23,0.0014394119383365
2022-11-24,0.0030788519873117
2022-11-25,0.0008742191634212
2022-11-28,0.002848468760541
2022-11-29,-0.0044319888814948
2022-11-30,0.0035853125523692
2022-12-01,0.0059801561964292
2022-12-02,0.0094176440236666
2022-12-05,0.0043926851227567
2022-12-06,-0.0032278828554698
2022-12-07,-0.0011108647099089
2022-12-08,0.0104309370821751
2022-12-09,-0.0065052896468247
2022-12-12,0.0016027168330903
2022-12-13,0.008587440893794
2022-12-14,0.0034962734776338
2022-12-15,-0.0118696147721385
2022-12-16,-0.0052635312141875
2022-12-19,0.008566614332091
2022-12-20,0.0050930708833973
2022-12-21,-0.0134841811919728
2022-12-22,-0.0102576031385759
2022-12-23,-0.0276672504214691
2022-12-26,0.0187375704565104
2022-12-27,0.0050367211461701
2022-12-28,-0.0033256331829958
2022-12-29,0.0043101904585898
2022-12-30,0.0031450203156093
2023-01-02,0.0
2023-01-03,0.0003170450520335
2023-01-04,-0.0008171995483602
2023-01-05,0.0026951789809506
2023-01-06,-0.0072129137736001
2023-01-09,0.0104859330531772
2023-01-10,-0.0080686116612451
2023-01-11,-0.0009908299789308
2023-01-12,-0.0019887075965079
2023-01-13,0.0060217959196036
2023-01-16,0.0024718868353352
2023-01-17,-0.0022505249198716
2023-01-18,0.0003570594311215
2023-01-19,0.0006986443514664
2023-01-20,-0.0006703186829276
2023-01-23,0.0001763109079382
2023-01-24,-0.0020862019707031
2023-01-25,-0.0076390744113326
2023-01-27,-0.013465455294474
2023-01-30,0.001642124316896
2023-01-31,0.0084885671312875
2023-02-01,0.0020949936406626
2023-02-02,0.0116514091590735
2023-02-03,-0.0083749039166383
2023-02-06,-0.0061166357001881
2023-02-07,-0.000760608723956
2023-02-08,0.0024228673046073
2023-02-09,-0.0006858615348515
2023-02-10,-0.0036061967797206
2023-02-13,-0.0008254494543643
2023-02-14,0.0035986754108812
2023-02-15,-0.0051080258867015
2023-02-16,0.003914723913529
2023-02-17,-0.0074308394561972
2023-02-20,0.0001857373508586
2023-02-21,-0.0050386556655024
2023-02-22,-0.0072740186154216
2023-02-23,-0.0021940266064147
2023-02-24,-0.00223337852205
2023-02-27,-0.0141694229205747
2023-02-28,0.0019182369088461
2023-03-01,0.0101513822928209
2023-03-02,-0.0078535933135877
2023-03-03,0.0044506123976191
2023-03-06,0.0049098839476229
2023-03-08,-0.0052015914462522
2023-03-09,-0.0065019399922391
2023-03-10,-0.0031038196747239
2023-03-13,-0.0020555700249126
2023-03-14,0.0040688846135517
2023-03-15,0.0034323420079072
2023-03-16,0.0030563745309986
2023-03-17,-0.0023760848746152
2023-03-20,0.0041930153430966
2023-03-21,0.002522950983699
2023-03-22,-0.0012905430865823
2023-03-23,0.0042061378907085
2023-03-24,-9.548562452499354e-05
2023-03-27,-0.0063595043852709
2023-03-28,-0.0010761535696496
2023-03-29,0.012919986483737
2023-03-31,0.0081252168907888
2023-04-03,-0.0024150511951278
2023-04-05,0.009734802998935
2023-04-06,0.0002614147706203
2023-04-10,-0.00033783022649
2023-04-11,0.0032928204903721
2023-04-12,-0.0022033877870862
2023-04-13,0.0018924303151144
2023-04-17,-0.0005366467280909
2023-04-18,-0.0061799965283375
2023-04-19,-0.0022084441356894
2023-04-20,0.0041232149897365
2023-04-21,-0.0017233541892622
2023-04-24,0.0080416005265826
2023-04-25,0.0067660539365641
2023-04-26,0.0081346902097401
2023-04-27,0.0004949424270734
2023-04-28,0.0064673449282788
2023-05-02,0.0077453499473714
2023-05-03,0.0063513110613069
2023-05-04,0.007110096557179
2023-05-05,0.0027716239913819
2023-05-08,0.0040758975139385
2023-05-09,-0.0053504998851007
2023-05-10,0.0014725787920237
2023-05-11,-0.0019784092951243
2023-05-12,-0.0052423093535202
2023-05-15,0.0016450256495303
2023-05-16,0.0028673608909064
2023-05-17,0.0007552116984055
2023-05-18,-0.0063564781348131
2023-05-19,-0.0015239429297966
2023-05-22,-0.0003128233002577
2023-05-23,-0.0044939547948181
2023-05-24,0.0066249443425723
2023-05-25,0.0023988040444211
2023-05-26,0.0068829245349784
2023-05-29,0.0032002381950779
2023-05-30,0.0038485920353263
2023-05-31,0.006236604202376
2023-06-01,-0.0022412321600193
2023-06-02,0.0067135214065479
2023-06-05,-0.0012697715877576
2023-06-06,0.0069546268824034
2023-06-07,0.003683671847781
2023-06-08,-0.007334766344363
2023-06-09,0.0070150583303294
2023-06-12,0.0022906657282935
2023-06-13,0.0096406559364017
2023-06-14,-0.0002427327364424
2023-06-15,-0.0012242332315294
2023-06-16,0.0125428881339513
2023-06-19,-0.0007463534663155
2023-06-20,-0.0004762413525127
2023-06-21,-0.0052325429819127
2023-06-22,-0.014235669781633
2023-06-23,-0.0062255758500343
2023-06-26,0.0058343861187215
2023-06-27,0.0059222277001609
2023-06-28,0.0084937528589994
2023-06-30,0.0036514490304793
2023-07-03,0.0082000775597632
2023-07-04,4.559702298667645e-05
2023-07-05,0.0040169085401939
2023-07-06,0.0004427193105345
2023-07-07,-0.0005537924630064
2023-07-10,-0.0028371974053044
2023-07-11,0.0132399347733134
2023-07-12,0.0030248634513216
2023-07-13,-0.0003313129852343
2023-07-14,0.0083532535292882
2023-07-17,0.0011465840851025
2023-07-18,0.000635798475794
2023-07-19,0.0055096091157587
2023-07-20,0.0001968580627087
2023-07-21,-0.005328701844267
2023-07-24,0.002884196825786
2023-07-25,0.0005684363512257
2023-07-26,0.0073423683996949
2023-07-27,0.0006196322496772
2023-07-28,0.0005572323336648
2023-07-31,0.0086039597867491
2023-08-01,0.002084808142919
2023-08-02,-0.0148836923302207
2023-08-03,-0.0023815886697401
2023-08-04,0.0024439632738995
2023-08-07,0.0048266481526684
2023-08-08,0.0012302745848866
2023-08-09,0.0031381273418817
2023-08-10,-0.00345233743779
2023-08-11,-0.0022371802754752
2023-08-14,-0.0009416732360588
2023-08-16,0.0074102220652385
2023-08-17,-0.0007388832439774
2023-08-18,-0.000968002680643
2023-08-21,0.0115446379933759
2023-08-22,0.0082390067173629
2023-08-23,0.0011508930643124
2023-08-24,-0.003851388633008
2023-08-25,-0.0075930127974479
2023-08-28,0.0029696442960076
2023-08-29,0.00146047969016
2023-08-30,0.0035172863240813
2023-08-31,0.0032203304937612
2023-09-01,0.0073914864139124
2023-09-04,0.0098325035074615
2023-09-05,0.0015695009395142
2023-09-06,-0.0062444938529979
2023-09-07,0.0038447103290357
2023-09-08,0.0057065220376546
2023-09-11,0.0088295746352586
2023-09-12,-0.0201216379489719
2023-09-13,0.000992604792392
2023-09-14,0.0040101739972251
2023-09-15,0.0040602510268401
2023-09-18,0.0019494405454651
2023-09-20,-0.0020766430436411
2023-09-21,-0.0061406037887308
2023-09-22,0.0015371632618792
2023-09-25,0.0018680990982902
2023-09-26,-0.0019733676539034
2023-09-27,0.0012557731461657
2023-09-28,-0.010039758262252
2023-09-29,0.0112025613165258
2023-10-03,0.0005827614052502
2023-10-04,-0.0168943605523432
2023-10-05,0.0023305034137783
2023-10-06,0.0005126519301275
2023-10-09,-0.0213391841691986
2023-10-10,0.0211204665947757
2023-10-11,0.006874485746223
2023-10-12,0.0042670192179086
2023-10-13,0.0035388477130702
2023-10-16,0.0031944430390522
2023-10-17,0.008394142082881
2023-10-18,-0.0095310318240006
2023-10-19,0.0018864450396305
2023-10-20,-0.0154119873892155
2023-10-23,-0.0169342317823868
2023-10-25,-0.0067065774067855
2023-10-26,-0.0014020101818847
2023-10-27,0.004002070582141
2023-10-30,0.00868991258464
2023-10-31,-0.0006434890589568
2023-11-01,-0.0072561972708237
2023-11-02,0.0084208204454643
2023-11-03,0.0061754684715085
2023-11-06,0.006161049132211
2023-11-07,0.0033874415145851
2023-11-08,0.0039206005551364
2023-11-09,-0.0041818000920385
2023-11-10,0.006560105664543
2023-11-12,0.0053129987479227
2023-11-13,0.0018005124488402
2023-11-15,0.0105830450058359
2023-11-16,-1.015847215801724e-05
2023-11-17,0.0083215288947775
2023-11-20,-0.0027534681579269
2023-11-21,0.0025470381474705
2023-11-22,0.0009880832340349
2023-11-23,-0.0009883298028531
2023-11-24,0.0027345852031768
2023-11-28,0.0087205877290998
2023-11-29,0.0113363615250785
2023-11-30,0.0056458447735461
2023-12-01,0.0116951999817895
2023-12-04,0.010894889720572
2023-12-05,-0.0077763971718415
2023-12-06,0.002585565016727
2023-12-07,0.0002711609901859
2023-12-08,-0.0017820789216796
2023-12-11,-0.0078292269697042
2023-12-12,-0.0002710437200335
2023-12-13,0.0054927949340681
2023-12-14,0.0132487471287094
2023-12-15,-0.0013815514600666
2023-12-18,-0.0012433256803999
2023-12-19,0.0039078686813585
2023-12-20,-0.0226883257093174
2023-12-21,0.0110935158622269
2023-12-22,0.006716699620598
2023-12-26,0.0046866017063
2023-12-27,0.0026885655112276
2023-12-28,0.0059996332160991
2023-12-29,-0.0017035305713934
2024-01-01,0.0
2024-01-02,-0.0004453701458111
2024-01-03,-0.0043535898610213
2024-01-04,0.0047507941429654
2024-01-05,0.0033970843478148
2024-01-08,-0.0042700774111882
2024-01-09,0.0038806372859871
2024-01-10,0.0049093147399366
2024-01-11,0.0044706027661278
2024-01-12,0.0042243008951381
2024-01-15,0.012248973750043
2024-01-16,-0.0047532293412044
2024-01-17,-0.0041885180933023
2024-01-18,0.0009341715303359
2024-01-19,0.0125239938986638
2024-01-20,0.0011899646545969
2024-01-23,-0.0185541440270238
2024-01-24,0.0089575181151193
2024-01-25,0.0036842107882906
2024-01-29,0.0076302148377025
2024-01-30,0.0062749342182766
2024-01-31,0.0077671812015747
2024-02-01,-0.0041312800146788
2024-02-02,0.006355169819973
2024-02-05,-0.0088180106668313
2024-02-06,0.004286972362087
2024-02-07,0.0018746037909682
2024-02-08,0.0041829194940246
2024-02-09,-0.0094440976691033
2024-02-12,-0.0232426590127337
2024-02-13,0.0050095474574771
2024-02-14,0.000891583070927
2024-02-15,0.0041244370739208
2024-02-16,0.0051015865609393
2024-02-19,8.087539875090144e-05
2024-02-20,-0.003479142898964
2024-02-21,-0.0062284502668527
2024-02-22,0.0071956814968805
2024-02-23,-0.0011575645460907
2024-02-26,0.0020722365374823
2024-02-27,-0.000206540838838
2024-02-28,-0.0088359447819698
2024-02-29,0.0021818467443432
2024-03-01,0.0056172703547237
2024-03-02,0.006852537607386
2024-03-04,0.0095911880299348
2024-03-05,0.006876171973934
2024-03-06,-0.0039098092009827
2024-03-07,0.0087200987491415
2024-03-11,-0.0024487304358774
2024-03-12,-0.0115759901138252
2024-03-13,-0.0265773253425846
2024-03-14,0.0097978742500419
2024-03-15,-0.0080070540753659
2024-03-18,0.000583642584111
2024-03-19,-0.0073093945635281
2024-03-20,-0.0003929220709808
2024-03-21,0.0182394641690493
2024-03-22,-0.0010981210982816
2024-03-26,0.0064029803530571
2024-03-27,-0.0025962063082564
2024-03-28,0.0071856927176185
2024-04-01,0.0155942608323929
2024-04-02,0.0072902845223397
2024-04-03,0.0031948458718118
2024-04-04,0.0055320493606185
2024-04-05,0.0009019534905621
2024-04-08,0.0106261891908567
2024-04-09,0.0008537979307798
2024-04-10,0.003646469351958
2024-04-12,0.007260715124064
2024-04-15,-0.0126494645724635
2024-04-16,0.0023289465719145
2024-04-18,-0.0052825171530662
2024-04-19,-0.000207138197998
2024-04-22,0.0021042352991083
2024-04-23,-0.0063380335046177
2024-04-24,0.0078327269924816
2024-04-25,0.0047251494409057
2024-04-26,0.0084732634338207
2024-04-29,-0.0037783432892525
2024-04-30,-0.0032363735800781
2024-05-02,0.0051034795466831
2024-05-03,-0.0026220858712119
2024-05-06,-0.0051163623459977
2024-05-07,-0.0081748257104876
2024-05-08,0.0043157658077279
2024-05-09,-0.0067651149895059
2024-05-10,0.0161543851699006
2024-05-13,-0.0088770928645777
2024-05-14,0.011847544544572
2024-05-15,0.008657733294191
2024-05-16,0.0100139124250535
2024-05-17,0.0099952805842091
2024-05-18,0.01913945431278
2024-05-21,0.0089534583587247
2024-05-22,-0.0030466491558145
2024-05-23,-0.0052693091342521
2024-05-24,0.00072371343988
2024-05-27,0.0033710935372539
2024-05-28,-0.0009476420270747
2024-05-29,0.005519191932261
2024-05-30,-0.0121978009815852
2024-05-31,0.0081653717743859
2024-06-03,0.0187014195979111
2024-06-04,-0.0632342152814798
2024-06-05,0.0083271610362158
2024-06-06,0.0156966080851728
2024-06-07,0.0085724172881505
2024-06-10,-0.002381576712285
2024-06-11,0.0066256376734872
2024-06-12,0.0061885661972951
2024-06-13,0.0082944696780276
2024-06-14,0.0073903715860894
2024-06-18,0.0065998308306123
2024-06-19,-0.0061101868763357
2024-06-20,0.0058341085931021
2024-06-21,0.0035409810435826
2024-06-24,-0.0018126447442519
2024-06-25,-0.0027020911601279
2024-06-26,-0.00642499410204
2024-06-27,-0.0020454796347751
2024-06-28,0.0040315737752179
2024-07-01,0.0022631903246976
2024-07-02,-0.0009615348343586
2024-07-03,0.0112246740422223
2024-07-04,0.009495535119141
2024-07-05,0.0128076824359901
2024-07-08,0.0035233806175152
2024-07-09,0.0026004488681774
2024-07-10,-0.0056825758201368
2024-07-11,0.002452149464005
2024-07-12,-0.0009660111953253
2024-07-15,0.0026746248368396
2024-07-16,-0.0003272123256814
2024-07-18,-0.0105103928105454
2024-07-19,-0.0182151621866216
2024-07-22,0.0037590416441197
2024-07-23,-0.0233177949354688
2024-07-24,0.0003301226545808
2024-07-25,-0.0104194318250526
2024-07-26,0.0069423012557265
2024-07-29,0.0045151644489762
2024-07-30,-9.16897101302938e-05
2024-07-31,0.0074171738441457
2024-08-01,-0.0022334719180745
2024-08-02,0.0045379201828839
2024-08-05,-0.0289167916885436
2024-08-06,-0.011315845916994
2024-08-07,0.020171210960739
2024-08-08,-0.0021229549848686
2024-08-09,0.0177991613365269
2024-08-12,0.0088483531915872
2024-08-13,-0.0042017773328596
2024-08-14,9.407781486214796e-05
2024-08-16,0.0115006225630029
2024-08-19,0.0110389890465434
2024-08-20,0.0051293522116988
2024-08-21,-0.0014495637419742
2024-08-22,0.0059764880274126
2024-08-23,-0.0011358331037355
2024-08-26,0.0102307851003902
2024-08-27,-0.0002924334599867
2024-08-28,0.0032173268695043
2024-08-29,-0.0013056633627228
2024-08-30,0.0063938284812288
2024-09-02,-0.0090390473720119
2024-09-03,0.0021329098971336
2024-09-04,-0.0024662778480356
2024-09-05,0.0066343837208746
2024-09-06,-0.0051523250090831
2024-09-09,-0.0063181127627077
2024-09-10,0.0049509756911729
2024-09-11,0.0047776946583326
2024-09-12,0.0109950677639296
2024-09-13,0.009850509263038
2024-09-16,0.0061314999205455
2024-09-17,-0.0025239488627485
2024-09-18,-0.0074619007510203
2024-09-19,0.0017770258422133
2024-09-20,0.0096720169905351
2024-09-23,0.009688099495182
2024-09-24,0.0015740157064021
2024-09-25,0.0011919232491672
2024-09-26,0.0022859783692872
2024-09-27,0.0004519811142089
2024-09-30,-0.0077967268026725
2024-10-01,0.0028311948525885
2024-10-03,-0.0122911242019658
2024-10-04,-0.0038552898596675
2024-10-07,-0.0101263244602752
2024-10-08,0.0068704160899173
2024-10-09,0.0048738359072082
2024-10-10,-0.0046244324076705
2024-10-11,0.00983118557567
2024-10-14,0.0039870460796822
2024-10-15,0.0009727050951511
2024-10-16,0.0012185862053588
2024-10-17,-0.0124097339372664
2024-10-18,0.0110406126180424
2024-10-21,-0.0005773409869701
2024-10-22,-0.0177139012961574
2024-10-23,0.0099256942958292
2024-10-24,-0.0060772922807876
2024-10-25,-0.0186662222182879
2024-10-28,0.010594864692675
2024-10-29,0.0081968123449396
2024-10-30,-0.0031223122526706
2024-10-31,-0.0012323105084854
2024-11-01,0.0003854591925493
2024-11-04,-0.0108372543389874
2024-11-05,-7.325655375145512e-05
2024-11-06,0.0110786876211641
2024-11-07,-0.0183836343432139
2024-11-08,-4.507091864280888e-05
2024-11-11,-0.0092136789956253
2024-11-12,-0.0217127003491238
2024-11-13,-0.01312204113184
2024-11-14,-0.0091566862353749
2024-11-18,0.0104299857297427
2024-11-19,0.0123730273379685
2024-11-21,0.0077107541017884
2024-11-22,0.0106929519505976
2024-11-25,-0.0020631047510561
2024-11-26,-0.0105548853755073
2024-11-27,0.0060562757583126
2024-11-28,-0.0030423377041985
2024-11-29,0.0121276693377319
2024-12-02,0.0061291217918495
2024-12-03,0.0047965778812273
2024-12-04,0.0021904452638918
2024-12-05,0.0068506575305089
2024-12-06,0.0068782938032441
2024-12-09,0.0025957631941091
2024-12-10,0.0032642636041595
2024-12-11,0.0028599940116362
2024-12-12,0.0034968520410052
2024-12-13,-0.0100251356663652
2024-12-16,0.0050179112365373
2024-12-17,-0.0013979443200287
2024-12-18,-0.0059740775269645
2024-12-19,-0.0044012836373891
2024-12-20,-0.0137171642148209
2024-12-23,0.0028442266707027
2024-12-24,-0.0022138919222777
2024-12-26,0.0028610956935255
2024-12-27,-0.0010551136752454
2024-12-30,0.0119659773372198
2024-12-31,-0.0050029782537558
2025-01-01,0.0
2025-01-02,-0.0110643522319758
2025-01-03,0.0022216336759768
2025-01-06,-0.0167034968193175
2025-01-07,0.0083240168321525
2025-01-08,-0.0074049256370876
2025-01-09,-0.0059901429831317
2025-01-10,-0.0079534687319515
2025-01-13,-0.0221635161363575
2025-01-14,-0.0039801127144297
2025-01-15,0.0036366090139108
2025-01-16,0.0040714601108389
2025-01-17,-0.0016472384421545
2025-01-20,-1.19188754846844e-05
2025-01-21,0.0017118471720076
2025-01-22,0.0040950407936597
2025-01-23,-0.0018209556745175
2025-01-24,0.0027999488940049
2025-01-27,-0.0018876497462443
2025-01-28,-0.0010751788983632
2025-01-29,0.0027038221702444
2025-01-30,0.0034157590388788
2025-01-31,0.0059157578483803
2025-02-01,-0.0012520951038155
2025-02-03,0.0035251969197702
2025-02-04,0.0027477623490295
2025-02-05,0.0090165503543111
2025-02-06,-0.0022480171129122
2025-02-07,0.0019466952670177
2025-02-10,0.004292318217226
2025-02-11,-0.0043900539053972
2025-02-12,-0.0019713159353886
2025-02-13,0.0039620274960039
2025-02-14,0.0045244145353406
2025-02-17,-0.004911921523087
2025-02-18,0.0019609662609512
2025-02-19,0.0051283786160003
2025-02-20,-0.0007894725205629
2025-02-21,-0.0022143107580822
2025-02-24,0.000841930145315
2025-02-25,0.0002559824433698
2025-02-27,-0.0046716413890542
2025-02-28,-0.0052242017840474
2025-03-03,0.0026287315252089
2025-03-04,0.0060008784134517
2025-03-05,0.0007264767753465
2025-03-06,-0.0009789906413493
2025-03-07,0.0022542867709289
2025-03-10,-1.938029250747597e-06
2025-03-11,-0.0008500579048709
2025-03-12,0.0038069061942607
2025-03-13,0.0025497333745827
2025-03-17,0.0054852890170111
2025-03-18,0.0043546761339088
2025-03-19,-0.0014931849187567
2025-03-20,-0.0001336373631561
2025-03-21,-0.0053474050342098
2025-03-24,-0.0035159059724886
2025-03-25,0.0018181577169187
2025-03-26,0.0026238338365174
2025-03-27,0.0025602469692276
2025-03-28,0.0050003682106445
2025-04-01,0.0080464608313999
2025-04-02,-0.0014601509247776
2025-04-03,-0.0085606866819208
2025-04-04,-0.0104825968686137
2025-04-07,-0.0099214019160032
2025-04-08,-0.0075607497786089
2025-04-09,0.008882281897375
2025-04-11,0.0217375591823125
2025-04-15,0.0014684485793385
2025-04-16,0.0090099015061291
2025-04-17,-0.0023817738459164
2025-04-21,0.007247281103452
2025-04-22,0.0049882519771018
2025-04-23,-0.0058763429982552
2025-04-24,-0.0013386746668526
2025-04-25,-0.0111621530492631
2025-04-28,0.0024306263435249
2025-04-29,0.0056791439502172
2025-04-30,-0.011163557863729
2025-05-02,-0.0009056046505874
2025-05-05,0.0088050702160578
2025-05-06,0.0059797864507646
2025-05-07,-5.219771152054076e-05
2025-05-08,-0.0105264785335108
2025-05-09,0.0001341377681625
2025-05-12,0.0023189988031229
2025-05-13,0.0055376251011596
2025-05-14,-0.0019871491893778
2025-05-15,-0.0015327249953328
2025-05-16,0.0032763253391441
2025-05-19,0.0036906143651656
2025-05-20,-0.0084112722459096
2025-05-21,0.0139231642987158
2025-05-22,0.0045149653120604
2025-05-23,0.001170604618643
2025-05-26,0.0044263529925194
2025-05-27,-0.0013522625759755
2025-05-28,0.0082470807238648
2025-05-29,-0.0013960027619076
2025-05-30,0.0006650975586055
2025-06-02,0.0012688755447967
2025-06-03,0.0078880905509242
2025-06-04,0.0042126353091593
2025-06-05,0.0081383374014116
2025-06-06,0.0012311474174162
2025-06-09,0.0053911000764053
2025-06-10,0.0011274730938233
2025-06-11,-0.005275407699528
2025-06-12,-0.0071334437080697
2025-06-13,0.0086366479479682
2025-06-16,0.0051266755522501
2025-06-17,-0.0001669786330388
2025-06-18,0.0016804954938072
2025-06-19,-0.0102260931157552
2025-06-20,0.0072530302868407
2025-06-23,0.0085263014001135
2025-06-24,-0.0036155965055167
2025-06-25,0.0013661067354067
2025-06-26,0.0048937645076754
2025-06-27,0.0037845688631832
2025-06-30,0.0052913526668176
2025-07-01,0.0027722704218171
2025-07-02,-0.0074767147708102
2025-07-03,0.0013118652526402
2025-07-04,-0.0012629929701932
2025-07-07,-0.0065512702620279
2025-07-08,-0.001426381114116
2025-07-09,-0.0033579855725492
2025-07-10,-0.0042775203802226
2025-07-11,-0.0035684503273217
2025-07-14,0.0087395878532245
2025-07-15,0.00176159293588
2025-07-16,-0.0025377758036937
2025-07-17,-0.0035385457293372
2025-07-18,0.0007673066082893
2025-07-21,0.002608128082405
2025-07-22,0.0019533365676378
2025-07-23,0.0062974223721994
2025-07-24,-0.0084818202287139
2025-07-25,-0.0093986411878337
2025-07-28,-0.002701086266325
2025-07-29,0.0062687388012947
2025-07-30,0.0005531186988798
2025-07-31,-0.0024105889500496
2025-08-01,-0.0050374759040768
2025-08-04,0.0124667383085026
2025-08-05,0.0013249246677111
2025-08-06,-0.0036838308195381
2025-08-07,0.0027041336191571
2025-08-08,-0.0037715559643275
2025-08-11,0.0003232388914484
2025-08-12,-0.0014794045345506
2025-08-13,0.0066456544829121
2025-08-14,0.0017095156144815
2025-08-18,0.0074276917395768
2025-08-19,0.0039541499277677
2025-08-20,-0.0055206914305312
2025-08-21,0.0013250647963032
2025-08-22,-0.0031092910600625
2025-08-25,0.0061660864502801
2025-08-26,-0.0032602843790632
2025-08-28,-0.0054280725967342
2025-08-29,0.0033949173135321
2025-09-01,0.0186934980063753
2025-09-02,-0.0003272467231912
2025-09-03,0.0108406687969955
2025-09-04,-0.0049175985763069
2025-09-05,0.0038518167140972
2025-09-08,0.0064683678851014
2025-09-09,0.0018153592381378
2025-09-10,-0.0034652242402464
2025-09-11,0.0010240113630251
2025-09-12,0.0051703295417808
2025-09-15,0.0016316586534774
2025-09-16,0.0091710353476857
2025-09-17,-0.0032334042604953
2025-09-18,0.0051942840184593
2025-09-19,-0.0015392329888405
2025-09-22,0.0013799037010495
2025-09-23,0.0027798552988185
2025-09-24,0.0016418270501021
2025-09-25,-0.0051451659409924
2025-09-26,-0.014347328918458
2025-09-29,0.0107703635573959
2025-09-30,-0.004587509446188
2025-10-01,0.0140261674535127
2025-10-03,0.0054815037006061
2025-10-06,0.0100968512295345
2025-10-07,0.0021190997093447
2025-10-08,0.0066383277173276
2025-10-09,0.0059429747105128
2025-10-10,-0.0026555970344575
2025-10-13,0.0160535286200365
2025-10-14,0.0038373761809205
2025-10-15,0.0045343712168881
2025-10-16,-0.0051205852111634
2025-10-17,0.011837620188438
2025-10-20,-0.0001339631426373
2025-10-21,0.0025503143168295
2025-10-23,-0.0176885925262677
2025-10-24,-0.0071839034570089
2025-10-27,0.0082024773157969
2025-10-28,-0.0036364725647179
2025-10-29,0.0034409525239647
2025-10-30,-9.995955765185194e-05
2025-10-31,0.0025680236637597
2025-11-03,0.0067034112286816
2025-11-04,-0.0060565482222352
2025-11-06,-0.0054594370572019
2025-11-07,0.0152980690009203
2025-11-10,0.0072801888945657
2025-11-11,-0.0035973242674859
2025-11-12,0.001769858022721
2025-11-13,0.0052053725276437
2025-11-14,0.0046668697748302
2025-11-17,0.0038321651169288
2025-11-18,-0.0071321797104333
2025-11-19,0.0029974212808396
2025-11-20,-0.0012260343744718
2025-11-21,-0.0104090204432505
2025-11-24,0.0012789747474115
2025-11-25,0.0081028597669279
2025-11-26,0.0134305551866948
2025-11-27,0.0001419895546115
2025-11-28,0.0019115972653334
2025-12-01,0.0099930625715993
2025-12-02,-0.0053778725715235
2025-12-03,-0.0080281678544757
2025-12-04,-0.0016435752918655
2025-12-05,0.0118598751183531
2025-12-08,-0.0137574357473863
2025-12-09,0.0050651619477586
2025-12-10,-0.003236882492176
2025-12-11,0.0039060149109364
2025-12-12,0.0116622958316241
2025-12-15,0.001902244634288
2025-12-16,-0.0031911562597326
2025-12-17,0.0044875403011834
2025-12-18,-0.0013508304522784
2025-12-19,0.00746294105074
2025-12-22,0.0127993359373028
2025-12-23,0.0026902855080404
2025-12-24,0.0010012808895774
2025-12-26,0.0028416025463264
2025-12-29,-0.0030974892148282
2025-12-30,0.0068844417828064
2025-12-31,0.005506404770093
